"","Year","Month","X1","X2","X3","X4","X5","X6","X7","X8","X9","X10","X11","X12","X13","X14","X15","X16","X17","X18","X19","X20","X21","X22","X23","X24","X25","X26","X27","X28","X29","X30","X31"
"1","1980",1,0,0,0,0,10.6,23.1,2.9,9.1,27.6,4.1,21.2,1.4,43.1,23.4,7.6,42.6,6.4,0,13.4,14.3,0,0,0,0,0,0,0,1.2,49.1,17.2,9.4
"2","1980",2,16.5,41.6,3.5,0,15.9,3.9,4.5,1.6,60.6,71.5,4.1,12.6,7.1,5.5,0,0,0,5.6,6.3,3.5,15.4,5.6,0,1.6,0,4.4,0,0,-9988,NA,NA
"3","1980",3,0,1.2,4.6,13.6,0.1,0,0,0,0,0,0,0,0,0,2.7,0,0,0,0,0,0,0,0,0,0,0,0,0,12.8,0,0
"4","1980",4,0,0,0,0,0,0,0,0,18.1,0,0,0,0,0,0,0,0,0,0,0,0.8,0,8.6,3.1,0,0,3.2,4.3,0,7.2,NA
"5","1980",5,4.1,0,2.9,0,0,0,0,0.1,0,0,0,0,0,0,0,0,0,0,11.2,0,0,11,0,0,0,0,0,0,0,0,0
"6","1980",6,0,0,0,0,0,0,0,0,0,0,0,0,0,0,0,0,0,0,0,0,0,0,0,0,0,0,0,0,0,0,NA
"7","1980",7,0,0,0,0,0,0,0,0,0,0,0,0,0,0,0,0,0,0,0,0,0,0,0,0,0,0,0,0,0,0,0
"8","1980",8,0,0,0,0,0.4,0,0,0,0,0,0,0,0,0,0,0,0,0,0,0,0,0,0,0,0,0,0,0,0,0,0
"9","1980",9,0,0,0,0,0,0,0,0,11.5,19.2,0,0,1.3,3.1,0,0,0,0,2.1,0,0,0,0,0.5,0,0,7.2,16.2,0,0,NA
"10","1980",10,0,0,0,0,0,0,0,0,0,0,0,0,0,0,0,0,0,0,31.5,0,0,0,12.8,0,1.2,6.5,0,0,0,0,0
"11","1980",11,0,0,0,0,0,0,0.6,5.6,0.7,0,0,0,1.5,16.5,3.8,0,0,0,0,0.6,31.5,0,0.7,0,0,7.1,4.2,1.8,0,12.5,NA
"12","1980",12,4.1,37.8,0,0,1.2,0,0,0,11.6,0,0,11.6,29.3,18.4,18.9,19.2,0.9,0.2,1.2,0,0,0,8.6,9.1,68.5,42.2,15.5,43.2,0,0,0
"13","1981",1,1.2,19.6,11.6,9.9,9.6,0,5.6,1.6,0,0,0,0,0,0,0,0,0,0,0,0.6,0,50.8,0.6,0,0,0,0,0,0,0,0
"14","1981",2,0,0,0,0,0,0,0,0,0,0,3.3,3.6,0,0,0,0,30.6,8.6,24.3,6.1,0,0,0,0,0,0,0,0,-9988,NA,NA
"15","1981",3,0,0,0,4.1,1.2,0,0,0,0,0,0,0,0,0,0,0,0,0,0,0,0,0,0,0,0,0,0,0,0,0,0
"16","1981",4,0,0,0,0.4,0,0,0,0,0,0,0,0,0.8,0,0,0,5.2,0,0,0,0,0,0,0,0,0,0,0,0,0,NA
"17","1981",5,15.4,5.5,0,0,0,0,0,0,0,0,0,0,0,0,0,0,0,0,0,0,0,0,0,0,0,0,0,0,0,0,0.6
"18","1981",6,0.3,0,0,0,0,0,0,0,0,0,0,0,0,0,0,0,0,0,0,0,0,0,0,0,0,0,0,0,0,0,NA
"19","1981",7,0,0,0,0,0,0,0,0,0,0,0,0,0,0,0,0,0,0,0,0,0,0,0,0,0,0,0,0,0,0,0
"20","1981",8,0,0,0,0,0,0,0,0,0,0,0,0,0,0,0,0,0,2.5,0,0,0,0,0,0,0,0,0,0,0,0,0
"21","1981",9,8.2,0.2,0,0,0,0,0,0,0,0,2.4,1.6,0,0,0,0,0,0,0,0,0,0,0,0,0,0,0,0,0,0,NA
"22","1981",10,0,3.2,0,3.6,1,0,0,0,0,0,1.8,0,0,0,0,0,1.6,2.5,0,0,0,0,0,5.6,1.9,0,12.9,5,0,0,0
"23","1981",11,0,0,0,0,0,0,0,0,1.1,0,0,0,0,0,0,0,0,13.3,3.8,12.5,0,1.5,18.5,47.2,3.2,33.4,35.5,0,0,0.5,NA
"24","1981",12,0,0,0,0,0,0,0,0.4,3.4,0,0.4,0,0,0,0,0,0,0,0,0,0,0,0,0,0,0,6.2,3.4,2.1,2.9,2.1
"25","1982",1,0,0,0,0,0,0,0,0,0,0,0,0,0,0,0,0,0,0,0.4,0,0,0,2.5,1.3,0,0,0,0,0,0,0
"26","1982",2,2.6,9,4.5,39,24.5,0,0,0,0,0,0,15.2,15.1,6,2.5,0,0,0,0,0,0,0,0,0,0,0,0,4.5,-9988,NA,NA
"27","1982",3,0,0,0,5.5,0,0,0,15.2,3,10.1,0,0,0,0,0,0,0,0,0,0,0,0,0,0,0,0,0,0,0,0,0
"28","1982",4,0,0,0,0,0,0,0,2.4,0,0,0,0,0,0,0,0,0,0,0,0,0,0,0,0,0,0.8,4.8,0,0,0,NA
"29","1982",5,0,0,0,0,0,0,0,0,0,0,0.1,0.1,0,0,0,0,0,0,0,0,0,0,0,0,0,0,0,0,0,0,0
"30","1982",6,0,0,0,0,0,0,0,0,0,0,0,0,0,0,0,0,0,1.4,0,0,0,0,0,0,0,0,0,0,0,0,NA
"31","1982",7,0,0,0,1.4,0.1,0.6,1.5,0,0,0,0,0,0,0,0,0,0,0,0,0,0,0,0,0,0,0,0,0,0,0,0
"32","1982",8,0,0,0,0,0,0,0,0,0,0,0,0,0,0,0,0,1.8,0,0,0,0,0,0,0,0,0,0,0,0,0,0
"33","1982",9,0,0,0,5.3,0.7,0,0,0,0,0,0,0,0,0,0,0,0,0,0,0,0,0,0,1.3,0,0,0,0,0,0,NA
"34","1982",10,0,0,0,0.6,0,0,0,0,0,0,0,3,0,0,0,0,0,57,5,25,64.8,2.6,0,0,0,0,0,0.1,0,0,0
"35","1982",11,0,0,0,0,0,0,0,0,0,0,0,0,0,0,0,0,0,0,0,0,0,0,15,0,0,0,0,0,0,0,NA
"36","1982",12,0,0,0,0,0,0,0,31.6,2,5.5,0,0,0,4.5,1.2,0,0,0,0,0,0,0,0,0,0,0,0.1,0,0,0,0
"37","1983",1,0,9.3,1,0,0,0,0,0,0,3.2,0,0,1.5,11.6,2.9,0,0,0,0,0,0,0,0,0,0,0,0,0,1.5,0,0
"38","1983",2,5,0,35.1,20,11.5,0,0,0,0,0,0,0,0,0,0,0,0,0,0,12.5,0,0,0,0,1.7,0.5,0,0,0,NA,NA
"39","1983",3,0,0,0,0,0.1,0,0,10.1,0.1,0,0,0,0,0,23.1,1,0,4.2,0,0,0,33,60.7,58,2,20.1,0,7.1,3.7,0,28
"40","1983",4,4.4,0.6,0,0,0,0,0,0,0,0,0,0,0,0,0,0,0,0,0,0,0,0,0,0,0,0,0,0,0,0,NA
"41","1983",5,0,0,0,0,0,0,0.5,0,0,11,0,0,0,0,0,0,0,0,2,2.1,0,0,0,0,0,0,0,0,1.2,0,0
"42","1983",6,0,0,0,0,0,0,0,0,0,0,0,0,0,1.6,0,0,0,0,0,0,0,0,0,0,0,0,0,0,0,0,NA
"43","1983",7,0,8.2,14.5,0,0,0,0,0,0,0,0,0,0,0,0,0,3.2,2.9,0,0,0,0,0,0,0,0,0,0,0,0,0
"44","1983",8,0,0,0,0,0,0,5.2,5.5,0,0,0,0,0,0,0,0,0,0,0,0,0,0,0,7.5,0,0,0,0,0,0,0
"45","1983",9,0,0,0,0,0,0,0,0,0,0,0,0,0,0,0,0,0,0,0,0,0,0,0,0,0,0,0,0,0,0,NA
"46","1983",10,0,0,0,0,0,0.7,0,0,0,0,0,0,0,4.5,12,0,0,0,0,0,0,0,0,0,5,4,1.3,0,0,0,0
"47","1983",11,0,0,0,0,0,0,0,0,1.5,0,8.9,0,2.1,7.2,0,0,0,0,0,0,3.4,11.1,0,0,0,0,0,0,0,27.2,NA
"48","1983",12,0,0,0,0,0,1.6,27.5,5,0.8,0,3,0,0,0,0,0,0,1.5,0.7,1,0,0,0,0,17.5,0.4,0,0,0,0,4
"49","1984",1,0,0,0,22.7,2.5,9,5.9,0,21,15,4.5,0,2.5,1.5,28.4,0,29,21.2,29.7,4.2,28,1.2,0,0.7,0,26.7,24.5,10.4,8,9.4,29.6
"50","1984",2,60,29,13,17.1,8,3,5.1,2.5,60.5,11.5,6,0,0,0,0,0,0,1.2,0.6,0.5,0,0,0,0,0,0,0,0,-9988,NA,NA
"51","1984",3,0,0,0,0,12.4,0,0,0,0,0,0,0,0,7,0.7,2.1,1.2,0,5.5,25,3.1,2.5,0,0,0,0,3.2,0.6,0,0,0
"52","1984",4,0,0,0,0,0,0,0,0,0,0,0,0,0,0,0,0,0,0,0,0,0,0,0,0,0,0,0,0,0,0,NA
"53","1984",5,0,0,0,0,0,0,0,0,0,0,0,0,1.5,3.5,0,0,0,0,0,0,0,0,0,0,0,0,0,0,0,0.7,0.5
"54","1984",6,0,0,0,0,0,0,0,0,0,0,0,0,0,0,0,0,0,0,0,0,0,0,0,0,0,0,0,0,0,0,NA
"55","1984",7,0,0,0,0,0,0,0,0,0,0.5,0,0,0,0,0,9.2,0,0,0,0,0,0,0,0,0,0,0,0,0,0,0
"56","1984",8,0,0,0,0,0,0,0,0,0,0,0,0,0,0,0,0,0,0,0,0,0,0,0,0,0,0,0,0,0,0,0
"57","1984",9,0,0,0,0,0,0,0,0,0,0,0,0,0,0.1,0,0.1,10.5,6,26.8,0,0,0,0,0,0,0,0,0,0,0,NA
"58","1984",10,0,0,0,0,0,43.5,2.5,0,0,0,0,0,0,0,2.4,1.5,0,0,0,0,0,0,0,0,0,0,0,0,0,0,0
"59","1984",11,0,6,0.1,3.1,32.6,5,0,0,0,0,0,0,0,0,0,3,0,0,0,0,0,0,0,0,24.5,0,0,42,1,22.5,NA
"60","1984",12,6.5,13,0.6,21,2,0,7,0,0,0,0,0,0,0,5.4,20.9,0,0,0,1.8,95.3,25.5,0,1.7,0.7,0,0,0,0,0,0
"61","1985",1,6,7.1,2.3,13,13,34.5,0,0,0,17.8,9.2,0,0,0,0,0.2,0,0,2.7,0,0,0,0,0,0,6.9,44.4,9.3,46.3,5.6,0
"62","1985",2,0,7,0,0,0,0,0,0,8.3,1.8,0,0,0,0,0,0,0,0,0,0,0,0,36.8,50,53.5,0.3,0,0,-9988,NA,NA
"63","1985",3,0,0,0,0,0,5,0,0,0,0,0,0,0,0,0,0,0,0,0.2,2.8,1,0,0,22.9,33.4,10.9,0,0,0,0,5
"64","1985",4,0,0,0,0,0,0,0,0,1.8,0,0,0,0,0,0,8.5,2,5,3.5,1.8,59.5,21.5,0,0,0,0,0,0,0,0,NA
"65","1985",5,0,0,0,0,1.3,0,0,0,0,0,0,0,0,0,0,0,0,0,0,0,0,0,0,0,0,0,0,0,0,0,0
"66","1985",6,0,0,0,0,0,0,0.8,0,0,0,0,0,0,0,0,0,0,0,0,0,0,0,0,0,0,0,0,0,0,0,NA
"67","1985",7,0.6,6,0,0,0,0,0,0,0,0,0,0,0,0,0,0,0,0,0,0,0,0,0,0,0,0,0,0,0,0,0
"68","1985",8,0,0,0,0,0,0,0,0,0,0,0,0,0,0,0,0,0,0,0,0,0,0,0,0,1.5,0.1,0,0,0,0,0
"69","1985",9,0,0,0,0,0,0,0,0,0,0,0,0,0,0.2,1.5,7.5,3,0,0,0,0,0,0,0,0,0,0,0,0,0,NA
"70","1985",10,0,0,0,0,0,0,0,0,0.2,1,0,0,3,0,0,0,0,0,0,0,0,0,0,0,0,0,0,0,3.5,18.2,6
"71","1985",11,0,0,0,1.2,0,0,0,18.5,1.2,6,1.6,0,0,0,0,0,0,0,5.6,0,0,0,0,0,0,0,0.1,0,0,0,NA
"72","1985",12,1,4,24.6,3,0,0,0,0,0,0,2,0,0,24.5,21.6,4.5,2.3,6.7,16,50,24.5,0.2,0,0,0,0,0,0,0,55.5,2.5
"73","1986",1,0,0,3.3,0,0,0,0,0,0,0,0,3.5,0,0,3.9,15.4,0,22,0,7,0,0.2,0,0,13.5,0.3,0,0,0,0,0
"74","1986",2,0,0,2,24.5,19.9,0,0,1.5,0,0,0.3,0,0,0,0,0,0,0,0,0,0,0,0,0,0.6,0,0,0,-9988,NA,NA
"75","1986",3,0,0,0,0,0,0,0,0,0.4,0,4.5,0,0,0,0,0,0,0,0,0,0,0,0,7.5,14,0,0.5,0,0,0,0
"76","1986",4,0,0,0,0,0,0,0,0,0,0,0,4,0,0,0,0.5,0,0,0,0,0,0,0,0,0,0,0,0,0,0,NA
"77","1986",5,0,0,0,0,0,0,0,0,0,0,0,0,0,0,0,0,0,0,0,0,0,0.3,0,0,0,0,0,0,0,0,0
"78","1986",6,0,0,0,0,0,0,0,0,0,0,0,0,0,0,0,0,0,0,0,0,0,0,0,0,0,0,0,0,0,0,NA
"79","1986",7,0,0,0,0,0,0,0,0,0,0,0,0,0,0,0,0,0,0,0,0,0,0,0,0,0,0,0,0,0,0,0
"80","1986",8,0,0,0,0,0,0,0,0,0,0,0,0,0,0,0,0,0,0,0,0,0,0,0,0,0,0,0,0,0,0,0
"81","1986",9,0,0,0,0,0,0,0,0,0,0,0,0,0,0,0,0,0,0,0,0,0,0,0,0,0,0,0.6,0.1,0,0,NA
"82","1986",10,0,0,0,0,0,0,3.5,0.5,1.8,30.1,0,0,0,0,0,0,0,0,0,0,0,4,1,0,0,0,0,2,0.4,0,22
"83","1986",11,0,0.3,0,0,0,0,0,3.6,15.4,0.8,0,0,0,0,0,0,0,0,0,0,0,0,0,0,0,0,0,3.5,0.3,24,NA
"84","1986",12,0,24,5.7,7.4,0.2,7.4,70.5,42.9,32,7.6,3.5,0,0,0,0,0,0.8,0,0,0,0,0,0,0,0,0,0,0,0,0,2
"85","1987",1,0,0,0,0,0,0,0,18.5,2.5,28.6,0.5,0,0,0,0,0.2,0,0,0,0,0,0,0,13,6.5,0,0,0,0,0,10
"86","1987",2,0,0,0,0,0,0,0,2.2,0.3,0.3,0,23,28.3,1.4,19.8,13.5,0,0,0,30,14.5,6,2.5,9.5,19.5,5.8,0,0,0,NA,NA
"87","1987",3,0,0,8,29.4,0.6,7,19.5,5.6,0,0,19.7,4.9,2.2,0,0,0,22.5,0,0,0,0,0,0,0,0,0,0,0,0,0,0
"88","1987",4,0,0,0,0,0,0,0,0,54.4,0.4,0.2,3.5,0,0,0,0,0,0,0,0,13.4,0,0,0,0,0,3.7,0.2,0,0,NA
"89","1987",5,0,0,0,0,0.3,1.6,0.3,0,0,0,1,4.7,0,0,0,0,0,0,0,0,0,0,0,0,0,0,0,0,0,0,0
"90","1987",6,0,0,0,0,0,0,0,0,0,0,0,0,0,0,0,0,0,0,0,0,0,0,0,0,0,0,0,0,13.5,27.5,NA
"91","1987",7,0,0,0,0,0,0,0,0,0,0,0,0,0,0,0,0,0,0,0,0,0,0,0,0,0,0,0,0,0,0,0
"92","1987",8,0,0,0,0,0,0,0,0,0,0,0,0,0,0,0,0,0,0,0,0,0,0,0,0,0,0,0,0,0,0,0
"93","1987",9,0,0,0,0,0,0,0,0,0,0,0,0,0,0,0,0,2,0,0,0,0,0,0,0,0,0,10.3,5.4,0,0,NA
"94","1987",10,0,0.7,1.6,0,0,0,0,0,0,0,0,2.5,41.6,0,7.2,0,0,0,0,0,0,0,0,0,0,0,0,0,0,0,0
"95","1987",11,0,0,0,0,0,13.5,0,0,0,0,0.8,0.3,0,0,0,0,0,0,0,0,0,0,0,0,0,0,13.5,1.3,13.9,82,NA
"96","1987",12,32.2,8.5,0,0,7.5,11.5,0,13,6,23.5,0,90.4,0,11.5,0,1.5,0.4,0,27.5,4.1,3.4,0,0,0,0,22.4,6.5,29.5,1.2,0.5,0
"97","1988",1,0,0,0,0,0,0,0,0.2,8.4,0,0,0,0,0,0,0,0,0,0,0,0.3,0,36.5,1.8,19.5,3,0,0,0,0,24
"98","1988",2,6.2,0,1.3,0.5,2,4.2,0.2,0,0,0,0,0,2.5,3.2,0.6,22,5.3,21.1,4.4,25.5,0,35.5,39.5,10,24.5,0,0,51.5,-9988,NA,NA
"99","1988",3,7.6,0,1,1.5,0,0,1,0.5,0,0,0,0,0,0,30.5,0,0,0,0,0,0,0,0,0,11,0,0,0,0,0,0
"100","1988",4,0,0,0,0,0,0,0,0,0,0,0,0,0,0,0,0,0,0,0,0,0,0,15.3,1.5,1.7,0,0,8.7,8.2,0,NA
"101","1988",5,0,0,0,0,0,0,0,0,0,0,0,0,0,0,0,0,0,0,0,0,0,0,0,0,0,0,0,0,0.1,0,0
"102","1988",6,0,0,0,0,1.8,0.7,0,0,0,0,0,0,0,0,0.8,0.4,0,0,0,0,0,0,0,0,0,0,0,0,0,0,NA
"103","1988",7,0,0,0,0,0,0,0,0,0,0,0.3,0.4,0,0,0,0,0,0,0,0,0,0,0,0,0,0,0,0,0,0,0
"104","1988",8,0,0,0,0,0,0,0,0,0,5.1,0,0,0,0,0,0,0,0,0,0,0,0,0,0,0,0,0,0,0,0,0
"105","1988",9,0,0.6,0,0,0,0,0,0,0,0,0,0,0,0,0,0,0,0,0,0,0,0,0,0,0,0,0,0,0,0,NA
"106","1988",10,0,0,0,0,0,0,0,0,0,0,9.8,4.1,0.6,0.1,0,0,0,0,0,0,25.1,13.6,0.8,0,0,0,0,0,5.6,1.2,0
"107","1988",11,0,0,16.5,0,0,0,0,0,0,0,0,0,0,0,0,0.3,0,0,0,0,0,0,0,0,0,0,0,6,52,17,NA
"108","1988",12,2.6,21.5,8,21.5,83.3,2.3,0,0.3,0,0,0,0,0,0,21.5,0.6,0,0,0,0,0,0,0,0,0,0,6,0,0,0,0
"109","1989",1,0,0,0,0.5,0,29,14.7,48.5,0.3,55.5,14.9,7.5,40.5,2.8,0.3,9,0.6,0,0,0,7.3,1,5,4.5,2.8,0.2,1.6,39.8,30,4.7,0
"110","1989",2,1.5,0,13.9,0.1,0.5,0,1.7,39.4,22.4,14.2,1.5,0.3,0.3,0.2,50.1,0,0,0,0,0,1.4,26.2,2.1,0,0,0,0,0,-9988,NA,NA
"111","1989",3,0,0,0,0,0,0,0,0,0,0,0,0,0,0,0,0,0,0,0,0,0,0,0,0,0,0,18.1,28.4,0,0,0
"112","1989",4,0,10.5,0,0,0,0.2,1.3,0,0,0,0,0,0,0,0,1.6,1.8,0,0,0.2,0,0,0,0,0,0.2,0,1.8,0,0,NA
"113","1989",5,0,0,0,0,0,0,0,0,0,0,0,0,0,0,0,0,0,0,0,0,0,0,0.5,0,0,0,0,0,0,0,0
"114","1989",6,0,0,0,0,0,0,0,0,0,0,0,1,1,0,0,0,0,1.3,0.3,0,0,0,0,0,0,0,0,0,0,0,NA
"115","1989",7,0,0,0,0,0,0,0,0,0,0,0,0,0,0,0,0,0,0,0,0,0,0,0,0,0,0,0,0,0,0,0
"116","1989",8,0,0,0,0,6.7,9.2,1.4,9.8,0,0,0,0,0,0,0,0,0,0,0,0,0,0,0,0,0,0,0,0,0,0,0
"117","1989",9,0,0,0,0,0,1.5,0.3,0,0,0,0,0,0,0,0,0,0,0,0,0,0,0,0,0,0,0,0,0,0,0,NA
"118","1989",10,0,0,0,0,0,0,0,0,1.1,3.3,1,0,0,0,0,0,0,0,0,0,0,41.4,24,17.5,18.3,1.1,0,0,0,0,0
"119","1989",11,0,0,0,0,0,0,0,0,0,9.1,0,0,0,1,0,0.4,2.5,0,0,0,0,0,0,0,0,0,14.4,16.2,14.8,0,NA
"120","1989",12,2.8,0,0,0,0,0,0,0,0,7.6,0,6.3,19.8,0.2,0.6,0.2,0,0,0,0,16.8,0.8,0,0,11,2.1,0,0,0,0,0.2
"121","1990",1,15.5,0,0,0,0,2.7,0,0,16.4,5,0,0,0,10.5,1,0,0,0,0,0,0,0,0,0.2,0,2.8,0,0,0,0,0
"122","1990",2,0,0,0.3,11.8,0,0,0,12.6,25.4,3.5,17,1.7,9,1.3,5.4,5.3,5.6,12.1,0,0,0,0,0,20.5,0,0,0,0,-9988,NA,NA
"123","1990",3,0,0,0,0.2,2.2,0.2,0,0,0,0,0,0.7,1.7,0,0,24.9,11.8,0,1,0,0.2,5.4,0,0.3,5.2,0,0,0,0,0,0
"124","1990",4,0,0,0,0,0,0,0,0,0,0,0,0,0,0,0,0,0,0,0,0,0,0,0,0,0,0,0,0,0,0,NA
"125","1990",5,0,0,0,0,0,0,0,0,0,0,0,2.5,1.1,0,0,0,0,0,0,0,0,0,0,0,0,0,0,1,0.4,0,0
"126","1990",6,0,0,0,0,0,0,0,0,0,0,0,0,0,0,0,0,0,0,0,0,0,0,0,0,0,0,0,0,0,0,NA
"127","1990",7,0,0,0,0,0,0,0,0,0,0,0,0,0,0,0,0,0,0,0,0,0,0,0,0,0,0,0,0,0,0,0
"128","1990",8,0,0,0,0,0,0.5,0,0,0,0,0,3.8,0,0,0,0,0,0,0,0,0,0,0,0,0,0,0,0,0,0,0.3
"129","1990",9,0,0,0,0,0,0,0,0,0,0,0,0,0,0,0,0,0,0,1.3,0,0,0,0,0,0,0,0,0,0,0,NA
"130","1990",10,0,0,0,0,0,0,0,0,0,0,0,0,0,0,0,0,0,6.5,4.5,0.7,0,0,0,0,0,0,0,0,0,0,0
"131","1990",11,0,0,0,0,0,0.1,0.3,0,0,0,0,0,0,0,5,0.7,0,0,0,0,33,0,0,5.3,13.5,0.3,0,0,0,0,NA
"132","1990",12,0,13.8,2.5,0,0,0,5.5,9.3,0.7,0,0,0,0.8,8,0,0,33.1,9.9,0,5.9,2.6,0,0,0,4.7,21.4,0,0,0,0,0
"133","1991",1,0,0,0,0,0,0,0,0,0,3.7,1.2,0,0,0,0,0,0,0,4.8,0.1,0,60,90.7,33.7,0,0,0,0,0,0,0.3
"134","1991",2,0,45.7,0,0,0,0,0,0,0,0,0,0,0,0,0,0,0,0,0,0,0,0,0,0,0,6,0,0,0,NA,NA
"135","1991",3,0,0,2.2,0,0,0,0,0.3,0,0,0,0,0,0,0,0,0,0,0,0,12.7,0,38,0,14.5,8.6,0,0,0,0,0
"136","1991",4,0,0,0,0,0,0,0,0,0,0,0,0,0,0,0,0,0,0,0,0,0,0,0,0.3,0,0,2,6.5,3.4,0,NA
"137","1991",5,0,0,0,0,0,0,0,0,0,0,0,0,0,0,0,0,0,0,0,0,0,0,0,0,0,0,0,0,0,0.4,0
"138","1991",6,0,0,0,0,0,0,0,0,0,0,0,0,1,0,0,0,0,0,0,0,0,0,0,0,0,0,0,0,0,0,NA
"139","1991",7,0,0,0,0,0,0,0,0,0,0,0,0,0,0,0,0,0,0,0,0,0,0,0,0,0,0,0,0,0,0,0
"140","1991",8,0,0,0,0,0,0,0,0,0,0,0,0,0,0,0,0,0,0,0,0,0,0,0,0,0,0,0,0,0,0,0
"141","1991",9,0,0,0,0,0,0,0,0,0,0,0,0,0,0,0,0,0,0,0,0,0,0,0,0,0.3,1,0,0,0,0,NA
"142","1991",10,0,0,0,0,0,0,0,0,0,0,0,0,0,0,11.6,1,0,0,0,0,0,0,0,0,0,0,0,0,0,0,0
"143","1991",11,0,0,0,0,0,0,0,0,0,0,0,0,0,0,10.1,0,0,0,0,5.6,40.6,3.2,0,0,1,0,0,0,0,0,NA
"144","1991",12,0,0,0,0,39.6,0,0,2,19.1,1.8,0,0,0,0,0,0,0,0,0,0,0,0,0.7,0,6.9,0.2,0,0,0,0,0
"145","1992",1,1.7,26.5,0.5,6.9,0,0,4.6,51.7,53.8,1.2,1.9,12,0,0,0,0,0,0,0,11.1,0,0,0,0,0.7,5,0,0,0,0,17.5
"146","1992",2,1.4,24,1.9,5.3,8.5,0,0,2.3,0,2.7,0,0,0,0,0,0,1.6,0.2,0.5,9,7,2.4,3.9,0,0,0,0,0,-9988,NA,NA
"147","1992",3,0,0,0,0,0,0,0,0,0,0,0,0,0,0,0,0,0.2,0.2,0,0,0,0,0.9,5.1,0,0,0,0,0,0,0
"148","1992",4,0,0,0,0,0,0,0,0,0,0,0,0.5,41.6,0,1.8,0,0,0,0,0,0,0,0,0,0,0,0,0,10.5,0,NA
"149","1992",5,0,0,0,0,0,0,0,0,0,0,0,0,0,0,0,0,0,0,0,0,0,0,0,0,0,0,0,0,0,0,0
"150","1992",6,0,0,0,0,0,0,0,0,0,0,0,0,0,0,0,0,0,0,0,0,0,0,0,0,0,0,0,0,0,4.5,NA
"151","1992",7,0,0,0,0,0,0,0,0,0,0,0,0,0,0,0,0,0,0,0,0,0,0,0,0,0,0,0,0,0,0,0
"152","1992",8,0,0,0,0,0,0,0,0,0,0,0,0,0,0,0,0,0,0,0,0,0,0,0,0,0,0,0,0,0,0,0
"153","1992",9,0,0,0,0,0,0,0,0,0,0,0,0,0,0,0,0,0,0,0,0,0,0,0,0,0,0,0,0,0,0,NA
"154","1992",10,0,0,0,0,0,0,0,0,0.7,0,0,0,0,0,0,0,0,0,0,0,0,0,0,0,0,4.6,0,0,0,0.1,0
"155","1992",11,0.4,0,0,0,0,0,0,0,0,0,0,0,0,8.5,5.2,0,0,4.5,0,0,0,45.5,0,0,54.3,0,0,0,0,0,NA
"156","1992",12,0,0,0,0,0,0,4.7,0,1.3,54.2,10.1,0.3,0,10.7,0,4.7,0,3.7,1.1,34.8,1.4,40.4,24.2,43.4,4.5,0,0,0,0,3.6,61.5
"157","1993",1,0,29.7,0,24.1,1.3,0,0,0,0,0,0,0.2,7.6,0.8,40.3,0.1,0,0,0,0,0,3.1,1.6,0.7,2.7,3.8,36.6,2.8,0,0,0
"158","1993",2,0,0,0,0,0,0,30.3,2.6,1.7,0,0,0,0,0,0,0,0,0,0,0.1,25.3,0.2,0,0,0,0,0,0,-9988,NA,NA
"159","1993",3,0,0,0,0,0.1,0,0,0,0,0,0.1,0,0,0,0,0,0,0,0,0,0,0,0,0,0,0,0,1.3,0,0,0
"160","1993",4,0,0,0,0,0,0,0,0,0,0,0,0,0,0,0,0,0,0,0,0,0,2,29.3,0,0,0,0,0,0,0,NA
"161","1993",5,0,0,0,0,0,0,0,0,0,0,0,0,0,0,0,0,0,0,0,0,0,0,0,0,0,0,0,0,0,0,0
"162","1993",6,0,0,0,0,0,0,0,0,0,0,0,0,0,0,0,0,0,0,0,0,0,0,0,0,0,0,0,0,0,0,NA
"163","1993",7,9.6,4.9,9.8,1.7,0.8,1,0,0,0,0,0,0,0,0,0,0,0,0,0,0,0,0,0,0.1,0,0,0,0,0,0,0
"164","1993",8,0,0,0,0,0,0,0,0,0,0,0,0,0,0,0,0,0,0,0,0,0,0,0,0,0,0,0,0,0,0,0.7
"165","1993",9,0.1,0,0,0,0,0.3,0,0,0,0,0,0,0,0,0,0,0,0,0,0,0,0,0,0,0,0,0,0,0,0,NA
"166","1993",10,0,0,0,0,0,0,0,0,0,0,0,0,0,0,0,0,0,0,0,0,0,0,0,0.3,0,0,0,0,0,0,0
"167","1993",11,0,0,0,0,2.4,0.6,0.1,0,0,0.4,17.2,20.8,1.3,0.1,0,0,0,0,0,0,0,0,80,9.5,0.2,2,43.8,15.5,4,2.7,NA
"168","1993",12,3.8,3.5,15.6,1.2,3,0,0,0,0,0.3,0.8,0.8,0,0,0,0,0,1.6,1.2,0,0,0,0,0,4.6,0,1.7,0.5,35.6,0.5,0.4
"169","1994",1,0,0,0,0,0,0,0,0.7,0.5,0,2,0,0,0,1.4,17.6,2.6,27.3,8.7,1.3,0,0,0,0,0,0,0,0,0,0,0
"170","1994",2,0,7.6,0,0,0,0,0,0,6.3,0.1,0,0,0,0,0,0,5,7.1,0,0,0,0,0,0,0,0,0,0,-9988,NA,NA
"171","1994",3,0,0,0,0,0,64.8,0,0,0,2.3,0,0,0,0.5,0,0,0,0,0,0,0,0,0,0,0,1,2.1,7.3,3.2,0,0
"172","1994",4,0,0,0,0,0,0,0,0,0.1,1.7,0,0,0,0,0,0,0,0,0,0,0,0,0,0,0,0,0,0,0,0,NA
"173","1994",5,0,0,0,0,0,0,0,0.2,0,1,0,0,1.7,1.2,0,2.7,0,0,0,0,0,0,0,0,0,0,0,0.1,0,0,0
"174","1994",6,0,0,0,0,0,0,0,0,0,0,0,0,0,0,0,0,0,0,0,0,0,0,0,0,0,0,0,0,0,0,NA
"175","1994",7,0,0,0,0,0,0,0,0,0,0,0,0,0,0,0,0,0,0,0,0,0,0,0,0,0,0,0,0,0,0,0
"176","1994",8,0,0,0,0,0,0,0,0,0,0,0,0,0,0,0,0,0,0,0,0,0.2,0,0,0,0,0,0,0,0,0,0
"177","1994",9,0,0,0,0,0,0,0,0.2,4.2,0,0,0,0,0,0,0,0,0,0,0,0,0,0,0,0,0,0,0,0.3,0,NA
"178","1994",10,0,0,0,0,0,0,0,0,0,0,0,0,0,0,4,7.5,2.4,20.8,0,0,0,0,0,0,0,0,0,0,0,10.6,31.8
"179","1994",11,0.1,0,0,0,0,0,0,0,0,0,0,0,0,0,0,0,0,0,0,0,0,0.1,0,11.7,0,0,0,0,0,0,NA
"180","1994",12,1.2,12.7,2,0,0,0,0,0,0,38.3,2,0,0,0,0,0,0,0,0,0,27.7,0,0.3,19.2,4.6,7.1,15.8,6.3,24.3,0.2,0
"181","1995",1,0,0,0,0,0,0,0,0,0,0,0,0,1.6,13.1,24.2,47.5,145.2,6,19.7,0.3,16.6,1.2,0.1,4.6,0,12,15.7,22.9,16.7,0.3,0
"182","1995",2,0,0,0,0,0,0,7.7,15.1,9,0,0,2,0,52.2,3.2,1.4,0.7,0,0,0,0,0,0,0,0.1,0,1.1,0.6,0.2,NA,NA
"183","1995",3,0,0,0,21,2.6,0,0,0,0,0,0,0,0,0,0,0,0,2.1,0.7,0,0,0,0,0,0,0,0,0,0,0,0
"184","1995",4,0,0,0,1.1,0,0,0,0,0,0,0,0,0,0,0,0,0,0,0,0,0,0,0,0,0,0,0,0,0,0,NA
"185","1995",5,0,0,0,0,0,0,0,0,0,0,0,0,0,0.1,0,0,0,0,0,15.6,29.7,0,0,0,0,11.1,2,1,0,0,0
"186","1995",6,0,0,0,0,0,0,0,0,0,0,0,0,0,0,0,0,0,0,1,5.6,5.3,0.1,0,0,0,0,0,0,0,0,NA
"187","1995",7,0,1.2,0,0,0,0,0,0,0,0,0,0,0,0,0,0,0,0,0,0,0,0,0,0,0,0,0,0,0,0,0
"188","1995",8,0,0,0,0,0,0,0,0,0,0,0,0,0,0,0,0,0,0,0,0,0,0,0,0,0,0,0,0,0,0,0
"189","1995",9,0,0,0,0,0,0,0,0,0,0,0,0,0,0,0,0,0,0,0,0,0,0,0,0,0,0,0,0,0,0,NA
"190","1995",10,0,0,0,0,0,0,0,0,0,0,0,0,0,0,0,0,0,0,0,0,0,1.6,0,17.7,0,1.1,0,0,0.2,0,0
"191","1995",11,0,0,0,0,0,0,0,0,0,0,0,0,0,0,0,0,13.8,0,0,52.2,30.2,26.8,2.3,9,8.5,0,0,0,0,1.4,NA
"192","1995",12,15.2,3.1,0,0,0,0,0,2.6,7,0,30.1,1.6,0,0.2,3.2,0,6,36.9,0,11.6,8.5,10,33.2,0.1,0,0,0,0,0.3,0,0
"193","1996",1,10.5,1.1,4.4,37.1,122.6,0,1.4,0,0,41.6,18.9,25.7,2.1,4,5.1,0,3.6,2.9,0,0.7,9.8,0,15,10.3,32.6,6.7,13,34.5,14.1,38.5,0
"194","1996",2,0,0,8,15.2,3.6,3.8,1.3,0.6,8.4,10.6,0.7,1.4,15.6,44.4,4.1,0.7,0,0,0,0,0,0,1.6,1.8,0,0,0,0,-9988,NA,NA
"195","1996",3,0,5.8,13.9,0,0,0,0,0,0,0,0,2.5,1,0,0,0,0,0,2,2.6,2.4,44.7,2.8,0,0,0,0,0,0,0.9,5.3
"196","1996",4,21.5,39.8,19.8,0,2,0,0,0,0,0,0,0,0,0,0,0,0,0,0,0,0,0,0,0,0,0,0,0,0,0,NA
"197","1996",5,0,0,0,0,0,0,0,0,0,0,0,0,0,0,0,0,0,0,0,0,0,0,0,0,0,12,0,0,0.7,0,0
"198","1996",6,0,0,0,0,0,0,0,0,0,0,0,0,0,0,0,0,0,0,0,0,0,0,0,0,0,0,0,0,0,0,NA
"199","1996",7,0,0,0,0,0,0,0.1,0,0,0,0,0,0,0,0,0,1.5,2.1,0,0,0,0,0,0,0,0,0,0,0,0,0
"200","1996",8,0,0,0,0,0,0,0,0,0,0,0,0,0,0,0,0,0,0,0,1,2.1,3,0,0,0,0,0,0,0,0,0
"201","1996",9,0,0,0,0,0,0,0,0,0,0,0,0,0,0,0,0,0,0,0,0,0,0,0,0,0,0,0,0,0,0,NA
"202","1996",10,0,0,0,0,0,0,0,0,0,0,0,0,0,0,0,0,0,0,0,0,0,0,0,0,0,0,0,0,0,0,0
"203","1996",11,0,0,0,0,0,0,0,0,0,0,0,0,0,0,0,28.4,22.5,16.6,19.7,12.8,4.9,17,16.7,0,3,1.5,0.2,1.6,11.8,0.6,NA
"204","1996",12,0,0,0.7,5.9,0,0,0,0,0,11.4,5,0,22.5,0,0,0,0,0,24.6,2.9,0,0,0,0,1.5,0,20.3,1.5,3.5,28.7,0
"205","1997",1,30.1,2.4,0,0.5,0.3,49.6,2.3,13.6,0,0,10,0,0,7.6,4.2,2.3,0.1,0,0.2,0,0,0,0,9.2,12.5,2.3,25.1,45,0.1,0.1,36.6
"206","1997",2,32.9,1.4,0,0,0.8,0,0,0,0,0,0,0,0,0,0,0,0,1.9,0,0,0,0,0,0.1,0,0,0,0,-9988,NA,NA
"207","1997",3,0,0,0,13.6,0,0,0,0,0,0,0.5,0,4.2,2.2,0.2,11.3,2.1,5.5,2.6,0,0,0,0,0,0,0,0,0,0,0,0
"208","1997",4,0,0,0,0,0,0,0,0,0.3,0,0,0,0,0,0,2,0,0,0,0,0,0,0,0,0,0,0,0,0,0,NA
"209","1997",5,0,0,0,0,0,0,0,0,0,0,0,0,0,0,0,0,0,0,0,0,0,0,0,0,0,0,0,0,0,0,0
"210","1997",6,0,0,0,0,0,0,0,0,0,0,0,0,0,0,0,0,0,0,0,0,0,0,0,0,0,0,0,0,0,0,NA
"211","1997",7,0,0.3,0,0,0.6,0,0,0,0,0,0,1,2.1,0,0,0,0,0,0,0,0,0,0,0,0,0,0,0,0,0,0
"212","1997",8,0,0,0,0,0,0,0,0,0,0,0,0,0,0,0,0,0,0,0,0,0,0,0,0,0,0,0,0,0,0,0
"213","1997",9,0,0,0,0,0,0,0,0,0,0,0,0,0,2.8,44.6,0.1,0,0.7,0,0,0,0,0,0,0,0,0,0,0,0,NA
"214","1997",10,0,0,0,0,0,0,0,9.6,0.9,0,0,0,0,0,0,3.6,3.1,0,0,0,0.1,0,0,0,0,0,0,0.1,0,0,0
"215","1997",11,0,0,0,0,0,0,0,0,0,0,0,0,1.3,3.8,0,4.6,0,1,0,0,0,7.4,0,0,2.5,43.6,71.8,11,1.7,3,NA
"216","1997",12,0,0,1.6,0,0,0,0,0,0,0,0,0,0,0,0,0,0,67.1,5.2,0,0,0,0,0,0,0,0,0,0,0,0
"217","1998",1,0,9,7.5,0,0,0.1,31.1,0,0,0,3.9,30.6,8.7,1.9,8.5,2.2,1.5,0,16.9,0,0,0,7,0,0,0,0,0.2,18.6,37,0
"218","1998",2,83.8,9.4,52.7,2,2,0,16.7,4.2,3.6,0,0,0,0,0,0,0,0,24.5,8.4,22.2,13,0,1.7,2,5,0,0,0,-9988,NA,NA
"219","1998",3,0,0,0,3.9,5.4,0,0,0,2.9,0.8,0.6,0,0,0,0,0,9,0,0,0,0,0,0,0,0,0,0,1.6,0,2.6,3.7
"220","1998",4,0,0,0,0,0,0,0,0,0,0,2.8,0.2,0,0,0,0,0,0,0,0,0,0,0,0,0,0,1,0,0,0,NA
"221","1998",5,0,0,0,0,0,0,0,0,0,0,0,0,0,0,0,0,1,0,0,0,0,0,0,0,0,0,0,0,0,0,0
"222","1998",6,0,0,0,0,0,0,0,0,0,0,0,0,0,0,0,0,0,0,0.1,0,0,0,0,0,0,0.5,0,0,0,0,NA
"223","1998",7,0,0,0,0,0,0,0,0,0,0,0,0,0,0,0,0,0,0,0,0,0,0,0,0,0,0,0,0,0,1,0
"224","1998",8,0.8,0,0,0,0,0,0,0,0,0,0,0,0,0,0,0,0,0,0,0,0,0,0,0,0,0,0,0,0,0,0
"225","1998",9,0,0,0,0,0,0,0,0,0,0,0,0.5,0,0,0,0,0,0,0,0,0,0,0,0,0,0,0,0,0,0,NA
"226","1998",10,0,0,0,0,0,0,0,0,0,0,0,0,0,0,0,0.5,8.6,1,0,0,0.2,0,0,0,0,0,0,0,0,0,0
"227","1998",11,0,0,0,0,0,0,0.7,0,0,0,0,0,0,0,0.8,0.1,54,0.4,0,9.9,37.1,40.6,2.5,0,10.1,7,8.4,1.1,12.7,0,NA
"228","1998",12,0.9,15,9.4,1.7,0,0,7.5,0,0,2.3,0.5,12.4,0,0,20.7,0,2.1,3.6,12.1,15.3,1.5,13.3,4.9,0.6,20.5,1.9,2,46.4,2.8,27.1,3.5
"229","1999",1,5.6,0,61.6,0,0,0,0,14.2,65.8,3.7,25.4,0,0.2,2,4.1,8.3,63.9,15.1,0.1,0,0,0,0,0,2,0,2.5,2,0,0,0
"230","1999",2,0,0.2,14.8,33.6,1.4,6.7,0.5,34.3,14,0,6.1,0,26.6,3.2,3.1,37.8,13.9,0.8,1.7,0,8.1,65.3,2.6,18.1,18,15.5,15.7,0,0.2,NA,NA
"231","1999",3,0,0,0,0,0,0,0,0,0,0,0,1.6,2.1,4.3,11.7,4.5,0,0,0,0,0.6,0,0,0,4.3,5.5,0,0,0,0,50.5
"232","1999",4,0.3,0,0,2.6,1,1.1,0,0,0,0,0,0,0,0,0,1.2,0,0,0,0,2.1,0,0,0,0,0,0,7,0,0,NA
"233","1999",5,0,0,0,23.1,0.6,0,0,0,3.8,6,7.6,2.5,0,0,0,0,0,0,0,0,0,0,0,0,0,0,0,0,0,0,0
"234","1999",6,0,0,0,12.1,1.6,13.8,0.4,0,0,0,0,0,0,0,0,0,0,0,13.5,0,0,0,0,0,0,0,0,0,0.4,0,NA
"235","1999",7,0,0,0,0,1.2,0.3,0,0,0,0,0,0.6,0,0,0,0,0,0,0,0,0,0,0,0.1,0,0,0,0,0,0,0
"236","1999",8,0,0,0,0,0,0,0,0,0,0,0,0,0,0,0,0,0,2.1,0,13.8,0,0,0,7.5,0.5,0,0,0,0,0,0
"237","1999",9,0,0,0,0,0,0,0,0,0,0,0,0,0,0,0,0,0,0.6,0,0,0,0,0,0,0,0,0,18.7,1.8,0,NA
"238","1999",10,0,0,0,0,0,0,0,0,0,0,0,0,0,0,0,0,0,0,0,0,0,0,4.9,2.5,0,32,4.1,0,0.7,0,0
"239","1999",11,0,0,0,0,0,0,0,0,6,1.7,0,0,0,0,0,0,0,0,7,29.6,20,21.2,1.2,12.5,1.8,1,0,0,0,0,NA
"240","1999",12,0,0,0,3.6,10,11,0,0,13.6,10.2,16.7,0.5,1.7,1.1,0,0,0,0,0,0,4.5,0,0,0,0,0,0,0,0,0.1,6.1
"241","2000",1,7.6,0,11,0,0,0,3.5,6.3,16.5,40.5,33.6,1,21.8,9.6,0,0.4,14,46.5,11.5,13.5,2,0,0,0,0,0,16.6,2.8,1.5,0,3.9
"242","2000",2,0,20.5,102.3,110,23.9,25.4,0,0,0,0,0,41.6,21.8,1.4,1.5,6.3,60.4,10,44.2,2.4,81.4,4.3,9.7,3.5,4.8,22.5,59,30.5,-9988,NA,NA
"243","2000",3,4.4,0,2.5,0,0,0,24,27.9,6.3,1.4,0,20.5,58,34.1,16.8,7,17.7,14.8,0,0,13,6.7,1.4,2.6,0,3.9,0,3.3,5,0,6.9
"244","2000",4,23.1,0,0,0,0,0,0,0,0,0,0,0,0,0,0,0,0,0,0,0,0,0,0,0,0,0,0,0,0,0,NA
"245","2000",5,0,0,0,0,0,0,0,0,0,0,0,0,0,0,0,0,0,0,0,0,0,0,0,0,0,0,0,0,0,0,0
"246","2000",6,0,0,0,0,0,0,0,0,0,0,0,0,0,0,0,0,0,0,0,0,0,0,0,0,0,0,0,0,0,0,NA
"247","2000",7,0,0,2,0,0,0,0,0.9,0,0,0,0,0,0,0,0,0,0,0,0,0,1.2,0.5,0,0,0,0,0,0,0,0
"248","2000",8,0,0,0,0,0,0,0,0,0,0,0,0,0,0.1,0.4,0,0,0,0,0,0,0,0,0,0,0,0,0,0,0,0
"249","2000",9,0,0,0,0,0,0,0,0,0,0,0,0,0,0,0,0,0,0,0,0,0,0,0,0,0,0,0,0,0,0,NA
"250","2000",10,0,0,0,0,0,0,0,0,0,0,7.7,0,0,0,0,0,0,0,0,0,0,0,0,0,0,73.5,0.8,3.1,0,0.1,0
"251","2000",11,0.4,3.7,25,0,0,0,0,0,0,0,8,1.1,0,0,1.4,0.2,0,0.1,0,0,1.1,2.2,0,0,5.6,0,0,0,10,33.2,NA
"252","2000",12,1,0,0,0,0,0,0,6,3.6,29.8,28.5,9,3.1,0.6,0,0,0,0,0,0,31.9,52.5,16.7,0,0,12,0.6,0,0,0,0
"253","2001",1,0,0,0,0,0,0,0,0,0,0,0,0,0,0,0,0,0,0,0,0,0,0,0,0,0.3,0,3.7,0,0,0,0
"254","2001",2,0,0,0,0,0,0,0.5,2.1,0,0,0,0,0,0,0,0,2.5,0,0,0,0,0,0,0,0,0,0,0,-9988,NA,NA
"255","2001",3,0,0,0,0,0,0,0,1.8,0,0.6,0,0,0,2.7,1.5,5.1,0.7,0,0,0,0,0,0,0,0,0,0,0,0,0,0
"256","2001",4,0,0,0,0,0,0,0,0,0,0,0,0,0,0,0,0,0,0,0,0,0,0,0,0,0,0,0,0,0,0,NA
"257","2001",5,0,0,0,0,0,0,0,0,0,0,0,0,0,0,0,0,0,0,0,0,0,0,0,0,0,0,0,0,0,0,0
"258","2001",6,0,0,0,0,0,0,0,0,0,0,0,0,0,0,0,0,0,0,0,0,0,0,0,0,0,0,0,0,0,0,NA
"259","2001",7,0,0,0,0,0,0,0,0,0,0,0,0,0,0,0,0,0,0,0,0,0,0,0,0,0,0,0,0,0,0,0
"260","2001",8,0,0,0,0,0,0,0,0,0,0,0,0,0,0,0,0,0,0,0,0,0,0,0,0,0,0,0,0,0,0,0
"261","2001",9,0,0,0,0,0,0,0,0,0,0,0,0,0,0,0,0,0,0,0,0,0,0,0,0,0,0,0,0,0,0,NA
"262","2001",10,0,0,0,0,0,0,0,0,0,0,0,0,0,0,0,0,0,0,0,0,0,0,0,0,0,0,0,0,0,0,0
"263","2001",11,0,3.7,5.2,0,2.2,3.5,0,0,0,0,15.9,0,0,0,2,25.3,1.8,9.4,2,0,2,12.6,0.9,0,1.4,0,0,0,10.6,71,NA
"264","2001",12,26.7,0,0,0,0,0,26.6,1.8,0,14.4,14.4,8.1,1.5,2.1,0,0,0,0,23.4,22.3,10.1,13.4,0,0,5.6,61.8,5.1,0,0,0,0
"265","2002",1,0,0,0,0,0,0,0,0.5,21.6,10.4,4,0,0,0,0,0,0,0,0,0,0,0,0,0,0.4,49.4,6.9,0,4,0,0
"266","2002",2,0,0,0,0,0,0,0,0,26.2,8.8,0,0,0,0,0,0,0,0,0,0,0,41.3,51.4,2.6,0.5,20.8,0.8,0,-9988,NA,NA
"267","2002",3,0,0,46.8,24.4,11,50.8,67.7,14.8,6.5,0.4,0,0,0,0,0,0,0,0,0,0,0,0,0,0,0,0,0,0,0,0,0
"268","2002",4,0,0,0,0,0,0,0,0,0,0,0,0,0,0,0,0,0,0,0,0,0,0,0,0,0,0,0,0,0,0,NA
"269","2002",5,0,0,0,0,0,0,0,0,0,0,0,0,0,0,0,0,0,0,0,0,0,0,0,0,0,0,0,0,0,0,0
"270","2002",6,0,0,0,0,0,0,0,0,0,0,0,0,0,0,0,0,0,0,0,0,0,0,0,0,0,0,0,0,0,0,NA
"271","2002",7,0,0,0,0,0,0,0,0,0,0,0,0,0,0,0,0,0,0,0,0,0,0,0,0,0,0,0,0,0,0,0
"272","2002",8,0,0,0,0,0,0,0,0,0,0,0,0,0,0,0,0,0,0,0,0,0,0,0,0,0,0,0,0,0,0,0
"273","2002",9,0,0,0,0,0,0,0,0,0,0,0,0,0,0,0,0,0,0,0,0,0,0,0,0,0,0,0,0,0,0,NA
"274","2002",10,0,0,0,0,0,0,0,0,0,0,0,0,0,0,0,0,0,0,0,0,0,0,0,0,0,0,0,0,0,0,0
"275","2002",11,0.1,42.7,0,0,106.3,11.4,1.7,0,0,3.6,1,0,0,0,0,0,0,0,0,0,0,0,0,0.5,0,0,0,0,0,0,NA
"276","2002",12,0,0,0,0,0,0,0,0,1,0.100000000005821,6.5,3.40000000037253,0,0,2,2.40000000037253,4.5,1,12.3000000007451,3,10.3000000007451,0,0,4.40000000037253,0,0,0,0,0,0,0
"277","2003",1,0,0,0,0,0,0,0,0,0,0,0,0,0,0,0,0,14.3,0,1,46.3,5.9,0,0,7,40.4,0.7,6.3,58,7.3,17.9,0
"278","2003",2,0,0,0,0,0,0,0,0,0,13.6,0,0,0,0,0,3.5,0,0.9,0,0,24.6,2.5,16.6,32.2,129.9,3,0,0,0,NA,NA
"279","2003",3,0,0,0,0,22,4,3.4,0,0,0,0,0,0,0,0,0,0,0,0,0,0,0,0,0,0,0,0,0,0,0,0
"280","2003",4,0,0,0,0,0,0,0,0,0,0,0,0,0,0,0,0,0,0,0,0,0,0,0,0,0,0,0,0,0,0,NA
"281","2003",5,0,0,0,0,0,0,0,0,0,0,0,0,0,0,0,0,0,0,0,0,0,0,0,0,0,0,0,0,0,0,0
"282","2003",6,0,0,0,0,0,0,0,0,0,0,0,0,0,0,0,0,0,0,0,0,0,0,0,0,0,0,0,0,0,0,NA
"283","2003",7,0,0,0,0,0,0,0,0,0,0,0,0,0,0,0,0,0,0,0,0,0,0,0,0,0,0,0,0,0,0,0
"284","2003",8,0,0,0,0,0,0,0,0,0,0,0,0,0,0,0,0,0,0,0,0,0,0,0,0,0,0,0,0,0,0,0
"285","2003",9,0,0,0,0,0,0,0,0,0,0,0,0,0,0,0,0,0,0,0,0,0,0,0,0,0,0,0,0,0,0,NA
"286","2003",10,0,0,0,0,0,0,0,0,0,0,0,0,0,0,0,0,0,0,0,0,0,0,0,0,0,0,0,0,0,0,0
"287","2003",11,0,0,0,0,0,0,0,0,0,0,0,0,0,0,0,3,0,0,0,0,0,0,0,0,10,0,24.5,0,0,2,NA
"288","2003",12,0,0,0,0,0,0,0,0,0,1.60000000009313,2.00062747,3,2.5,9.30999850988,0,4,0,0,0,0,0,0,4.50062747,0,4,0,0,0.5,0,10.6002549,0
"289","2004",1,0,0,0,0,0,0,2.1,0,0,0,0,0,0,0,0,1.5,0,14.8,4.9,8,35,0,5.5,12.5,1.80090687,30.7,35,0,2.5,0,0
"290","2004",2,0,0,0,0,0,0,0,10,2.5,0,0,0,0,0,0,1.3,0,0,0,0,0,14.6000000014901,5.00062747,5.10025494,0,0,6.10025494,0,-9988,NA,NA
"291","2004",3,0,0,0,0,0,0,1,0,0,0,51.2000000029802,1.80090687,0,0,0,0,0,0,1.20000000018626,0,0,0,0,0,0,0,0,1.5,1.70081374,4.5,2.5
"292","2004",4,0,0,0,0,0,0,0,0,0,0,0,0,0,0,0,0,0,0,0,0,0,0,0,0,0,0,0,0,0,0,NA
"293","2004",5,0,0,0,0,0,0,0,0,0,0,0,0,0,0,0,0,0,0,0,0,0,0,0,0,0,0,0,0,0,0,0
"294","2004",6,0,0,0,0,0,0,0,0,0,0,0,0,0,0,0,0,0,0,0,0,0,0,0,0,0,0,0,0,0,0,NA
"295","2004",7,0,0,0,0,0,0,0,0,0,0,0,0,0,0,0,0,0,0,0,0,0,0,0,0,0,0,0,0,0,0,0
"296","2004",8,0,0,0,0,0,0,0,0,0,0,0,0,0,0,0,0,0,0,0,0,0,0,0,0,0,0,0,0,0,0,0
"297","2004",9,0,0,0,0,0,0,0,0,0,0,0,0,0,0,0,0,0,0,0,0,0,0,0,0,0,0,0,0,0,0,NA
"298","2004",10,0,0,0,0,0,0,0,0,0,0,0,0,0,0,0,0,0,0,0,0,0,0,0,0,0,0,43.5,7.2,0,0,0
"299","2004",11,0.1,0,0,0,0,0,0,0,0,0,0,0,0,0,0,0,0,0,0,0,0,0,0,0,0,0,4.4,0,0,0,NA
"300","2004",12,0,0,0,0,0,0,0,0.5,59.7,0,55.7,31.3,8.6,5,3.8,12.5,1,0,0,0,0,0,0,0,0,26.1,0,0,3.5,0,0
"301","2005",1,1.4,0,NA,45.5,1.3,0,1.9,5.2,29.1,13.1,0,0,17.5,2.2,20.9,4,18.5,3.6,0.9,14.4,1,4,0,0,0,0,0,3.1,0,0,0.9
"302","2005",2,14.9,1,0,0,0,2.4,7.4,0,0,0,0,0,49.9,0.4,0,0,0,0,0,12.3,5.5,0.3,0,0,0,0.5,0.8,17.9,-9988,NA,NA
"303","2005",3,18.4,0,77.8,14.8,7.4,7.1,3.8,0,0,0,0,1.2,14.4,2.9,0,0,0,0.9,0,0,0,0,0.5,0,0,0,0,16.5,17,3.8,0.5
"304","2005",4,0,0,0,0,0,0,0,0,0,0,0,0,4.2,0,0,0,0,0,0,1.9,0.9,0,0,11.2,0.9,1,0,0,0,0,NA
"305","2005",5,0,0,0,0,0,0,0,0,0,0,0,0,0,0,0,0,0,0,0,0,0,0,0,0,0,0,0,0,0,0,0
"306","2005",6,0,0,0,0,0,0,0,0,0,0,0,0,0,0,0,0,0,0,0,0,0,0,0,0,0,0,0,0,0,0,NA
"307","2005",7,0,0,0,0,0,0,0,0,0,0,0,0,0,0,0,0,0,0,0,0,0,0,0,0,0,0,0,0,0,0,0
"308","2005",8,0,0,0,0,0,0,0,0,0,0,0,0,0,0,0,0,0,0,0,0,0,0,0,0,0,0,0,0,0,0,0
"309","2005",9,0,0,0,0,0,0,0,0,0,0,0,0,0,0,0,0,0,0,0,0,0,0,0,0,0,0,0,0,0,0,NA
"310","2005",10,0,0,0,0,0,0,0,0,0,0,0,0,0,0,0,0,0,0,0,0,0,0,0,0,0,0,0,0,0,0,0
"311","2005",11,0,0,0,0,0.6,0,2.5,0,0,0,0,0,0.6,0,0,0,0,0,0,0,2.1,19.1,0,0,0,0,0,0.5,46.4,1.3,NA
"312","2005",12,17.5,31.5,21,26.1,15.5,0.5,1.4,19.6,21,3.6,0.4,0.1,0,0,0,42.6,0.2,8,0.9,46.2,4,20.8,30.5,7.6,0.2,0,0.9,6.4,0.3,0,0
"313","2006",1,13,1.1,0.8,1,0,0.9,9.4,0,0,0,0,0,0,0,1,0,43.0099940395,0,3,6.90000000037253,0,1.30090687,0,0,0,0,0,0,0,0,0
"314","2006",2,5.10025494,0,0,0,0,0,0,0,0,5.5,2.5,0,0,0,0,0,0,0,41.5,1.70081374,0,0,11.5,1,0.5,10.3099985099,1,0,-9988,NA,NA
"315","2006",3,0,0,0,0,0,0,1.80090687,1.70000000018626,5.5,0,0,0,0,0,0,0,0,0,0,34,0,0,0,0,0,0,0,0,0,4.30000000074506,16.6000000014901
"316","2006",4,0,0,0,0,0,0,0,0,0,0,0,0,0,0,0,0,0,0,0,0,0,0,0,0,0,0,0,0,0,0,NA
"317","2006",5,0,0,0,0,0,0,0,0,0,0,0,0,0,0,0,0,0,0,0,0,0,0,0,0,0,0,0,0,0,0,0
"318","2006",6,0,0,0,0,0,0,0,0,0,0,0,0,0,0,0,0,0,0,0,0,0,0,0,0,0,0,0,0,0,0,NA
"319","2006",7,0,0,0,0,0,0,0,0,0,0,0,0,0,0,0,0,0,0,0,0,0,0,0,0,0,0,0,0,0,0,0
"320","2006",8,0,0,0,0,0,0,0,0,0,0,0,0,0,0,0,0,0,0,0,0,0,0,0,0,0,0,0,0,0,0,0
"321","2006",9,0,0,0,0,0,0,0,0,0,0,0,0,0,0,0,0,0,0,0,0,0,0,0,0,0,0,0,0,0,0,NA
"322","2006",10,0,0,0,0,0,0,0,0,0,0,0,0,0,0,0,0,0,0,0,0,0,0,0,0,0,5,0,0,0,0,0
"323","2006",11,0,0,0,38.3,0,1.5,0,0,0,0,0,0,2.2,1.5,0.9,1.5,0,1.8,0,7.9,0,0,0,0,0,0,0,0,0,0,NA
"324","2006",12,0,0,0,44.4000000059605,0,0,0,0,0,0,6.30000000074506,4.10025494,0,0.600953434,18.5,0,0,1.80090687,2,8.60025494,0,0,0,0,0,8.10000000149012,23.5,0,0,0,64.5
"325","2007",1,2.7,0,0,1.4,0,3.5,2.4,22.5,9.2,1.3,0,0,0,1.2,0,1.9,7,2,0,0,0,0.2,0.9,6.5,12.9,3.4,30.1,14.5,5.4,0.5,0
"326","2007",2,0,0,0,0,0,0,0,0.4,0.8,0,0,0,0,0,0,0,0,0,0,0,0,0,0,0,0,1.3,0,0,0,NA,NA
"327","2007",3,0,0,0,0,0,0,0,0,0,0,0,0,0,0,0,0,0,0,0,0,0,0,0,0,0,0,0,0,0,0,0
"328","2007",4,0,0,0,0,0,0,0,0,0,0,0,0,0,0,0,0,0,0,0,0,0,0,0,0,0,0,0,0,0,0,NA
"329","2007",5,0,0,0,0,0,0,0,0,0,0,0,0,0,0,0,0,0,0,0,0,0,0,0,0,0,0,0,0,0,0,0
"330","2007",6,0,0,0,0,0,0,0,0,0,0,0,0,0,0,0,0,0,0,0,0,0,0,0,0,0,0,0,0,0,0,NA
"331","2007",7,0,0,0,0,0,0,0,0,0,0,0,0,0,0,0,0,0,0,0,0,0,0,0,0,0,0,0,0,0,0,0
"332","2007",8,0,0,0,0,0,0,0,0,0,0,0,0,0,0,0,0,0,0,0,0,0,0,0,0,0,0,0,0,0,0,0
"333","2007",9,0,0,0,0,0,0,0,0,0,0,0,0,0,0,0,0,0,0,0,0,0,0,0,0,0,0,0,0,0,0,NA
"334","2007",10,0,0,0,0,0,0,0,0,0,0,0,0,0,0,0,0,0,0,0,0,0,0,0,0,0,0,0,0,0,0,0
"335","2007",11,0,0,0,0.2,7.9,41,9.1,3.1,0,0.2,0.9,0,0,0,0,0,0,0.1,0,0,0,8,14.2,5.7,20.5,0,14,9.1,0.9,0,NA
"336","2007",12,134.9,0,55.1,4.5,4.6,10.7,106.8,60.3,9.5,26.1,11.4,59,10.4,0.8,16.1,3.9,10.4,35.1,14.4,3.6,0.3,4,0,0,80.4,40.5,38,85,5.6,0.9,0.8
"337","2008",1,4.4,1.1,0,1.6,1.9,16.4,0,3.4,2.4,0,0,0,30.9,22.4,0,2.1,5.4,0,0,0,0,0,0,0,0.6,2,0,0,4.4,0,0
"338","2008",2,0,0,13,13.1,3.1,4.4,0,0,0,0,3.4,0.6,0,21.9,6.9,0,0,0,0,0,0,9.5,0.4,0,0,0,0,4.9,-9988,NA,NA
"339","2008",3,7.1,0,0,0.5,0,0,15,0,0,0,0,2.9,0.3,0.9,36,49.8,3.2,0,0,0,0,0,0,0,0,0,11.4,0,1.4,0,0
"340","2008",4,0,0,0,0,0,0,0,0,0,0,0,0,0,0,0,0,0,0,0,0,0,0,0,0,0,0,0,0,0,0,NA
"341","2008",5,0,0,0,0,0,0,0,0,0,0,0,0,0,0,0,0,0,0,0,0,0,0,0,0,0,0,0,0,0,0,0
"342","2008",6,0,0,0,0,0,0,0,0,0,0,0,0,0,0,0,0,0,0,0,0,0,0,0,0,0,0,0,0,0,0,NA
"343","2008",7,0,0,0,0,0,0,0,0,0,0,0,0,0,0,0,0,0,0,0,0,0,0,0,0,0,0,0,0,0,0,0
"344","2008",8,0,0,0,0,0,0,0,0,0,0,0,0,0,0,0,0,0,0,0,0,0,0,0,0,0,0,0,0,0,0,0
"345","2008",9,0,0,0,0,0,0,0,0,0,0,0,0,0,0,0,0,0,0,0,0,0,0,0,0,0,0,0,0,0,0,NA
"346","2008",10,0,0,0,0,0,0,0,0,0,0,0,0,0,0,0,0,0,0,0,0,0,0,0,0,3.9,0,0,0,0,0,0
"347","2008",11,0,0,0,0,0,0,5,0,0,0.9,0,9.4,0,10.9,28,0,0,2.8,0,0,4.5,24,1.8,0,0,0,0,0,0,0,NA
"348","2008",12,0,0,0,0,0.5,0,0,0,0,0,0,0,0,0,28,4.1,5,0,0,6.3,6.1,3.9,0,5.8,81.5,7.5,3.4,1.5,15.2,1.5,0
"349","2009",1,0,0,3.5,0,25.8099985099,0,0,0,0,0,0,0,0,0,0,0,0,0,0,0,0,0,0,0,2.00062747,0,2.40000000037253,29.1000000014901,24.3099985099,31.3099985099,0
"350","2009",2,2.40000000037253,0,0,0,0,0,0,4.80000000074506,6.5,0,0,0,0,0,9.5,0,11,8.80000000074506,1.70081374,1.30090687,0,19.5,5,2,13.3000000007451,11.8000000007451,5.00062747,11.3000000007451,-9988,NA,NA
"351","2009",3,2,7.00062747,24.3099985099,0,167.7,6.6,0,0,0,0,0,0,0,0,0,0.9,14.9,0.2,0.4,0.4,0,0,0,0,0,0,0,0,0,0,0
"352","2009",4,0,0,0,0,0,0,0,0,0.7,0,0.1,0,0,0,0,0,0,0,0,0,0,9.9,0,0,0,1.1,0,0,0.7,0,NA
"353","2009",5,0,0,0,0,0,0,0,0,0,0,0,0,0,0,0,0,0,0,0,0,0,0,0,0,0,0,0,0,0,0,0
"354","2009",6,0,0,0,0,0,0,0,0,0,0,0,0,0,0,0,0,0,0,0,0,0,0,0,0,0,0,0,0,0,0,NA
"355","2009",7,0,0,0,0,0,0,0,0,0,0,0,0,0,0,0,0,0,0,0,0,0,0,0,0,0,0,0,0,0,0,0
"356","2009",8,0,0,0,0,0,0,0,0,0,0,0,0,0,0,0,0,0,0,0,0,0,0,0,0,0,0,0,0,0,0,0
"357","2009",9,0,0,0,0,0,0,0,0,0,0,0,0,0,0,0,0,0,0,0,0,0,0,0,0,0,0,0,0,0,0,NA
"358","2009",10,0,0,0,0,0,0,0,0,0,0,0,0,0,0,0,0,0,0,0,0,0,0,0,0,0,0,0,0,1.2,0.5,0
"359","2009",11,0,0,0,0,3.4,0,6.9,9.8,0,8.4,2,4.5,0,1.6,1.4,0,6.8,24.4,10,0,0,0,0,0,0,0,0,0,0,19.3099985099,NA
"360","2009",12,0.600953434,22.8099985099,0,1.20081374,1.5,17.6000000014901,39.7099970198,6.40000000037253,0,0,0,11.6000000014901,25.1000000014901,5.00062747,2.90000000037253,0,0,0,0,1,0,0,0,0,0,0,0,0,0,0,0
"361","2010",1,0,0,0,0,0,6.1,13.1,14.7,2.6,30.1,134,35.6,89.4,14.5,0.1,28.3,1.3,0,41.6,1.3,0.4,30.7,32,11.6,2.5,1,45.3,7.1,0,0,0
"362","2010",2,0,0,2.6,1,0,0,0,0,0,3.8,0,0,0,2.3,0,0,0,0,0,0,0,0,0,0,0,2.1,0,0,-9988,NA,NA
"363","2010",3,0,0,0,0,0,0,0,0,0,0,1,0.7,3.9,0,0,0,0,0,0,0,0,6.7,0,0,0,0,1,0,0,0,0
"364","2010",4,0,0,1.5,1.8,3.6,3.1,0,0,0,0,0,0,0,0,0,1.1,0,0,7.8,0.5,0,27.1,0,0,3,36.4,0,0,0,0,NA
"365","2010",5,0,0,0,0,0,0,0,0,0,0,0,0,0,0,0,0,0,0,0,0,0,0,0,0,0,0,0,0,0,0,0
"366","2010",6,0,0,0,0,0,0,0,0,0,0,0,0,0,0,0,0,0,0,0,0,0,0,0,0,0,0,0,0,0,0,NA
"367","2010",7,0,0,0,0,0,0,0,0,0,0,0,0,0,0,0,0,0,0,0,0,0,0,0,0,0,0,0,0,0,0,0
"368","2010",8,0,0,0,0,0,0,0,0,0,0,0,0,0,0,0,0,0,0,0,0,0,0,0,0,0,0,0,0,0,0,0
"369","2010",9,0,0,0,0,0,0,0,0,0,0,0,0,0,0,0,0,0,0,0,0,0,0,0,0,0,0,0,0,0,0,NA
"370","2010",10,0,0,0,0,0,0,0,0,0,0,0,0,0,0,0,0,0,0,0,0,0,0,0,0,0,0,0,0,0,0,0
"371","2010",11,0,0,5.3,32.5,0,5.7,0,34.8,0,15.5,0,0,0,0,0,0,0,0,0,0,0,0,0,0,2,6.00062747,0,0,19,58.4000000059605,NA
"372","2010",12,0,0,36.4000000059605,72.5,2,54.2099970198,4.90000000037253,0,2.00062747,0,0,0,0,7.5,38.4000000059605,11.6000000014901,10.5,0,0,0,0,0,0,0,23.8099985099,44.9000000059605,0,0,0,4,0.100000000005821
"373","2011",1,0,0,0,0,0,0,0,0,0,0,14.4,6,4.9,0,0.3,0,51.5,0,1.8,2.2,16.8,2.7,0,0,0,0,0,0,0,0,0
"374","2011",2,5.5,10.9,0.6,0,0,0,0,0,0,0,20.5,14.2,0,1.5,0,0,0,0,0,0,0,0,0,0,0,0,0,0,0,NA,NA
"375","2011",3,0,0,0,0,0,0,0,2.6,0.5,0,6.7,0,0,0,0,0,0,0.9,12.1,9.1,0,0,14.4,0,0,0,0,0,0,0,0
"376","2011",4,1.6,1.3,1.1,1.1,0,0,0,0,0,0,0,0,0,0,0,0,0,0,0,0,0,0,0,0,0,0,0,0,0,0,NA
"377","2011",5,0,0,0,0,0,0,0,0,0,0,0,0,0,0,0,0,0,0,0,0,0,0,0,0,0,0,0,0,0,0,0
"378","2011",6,0,0,0,0,0,0,0,0,0,0,0,0,0,0,0,0,0,0,0,0,0,0,0,0,0,0,0,0,0,0,NA
"379","2011",7,0,0,0,0,0,0,0,0,0,0,0,0,0,0,0,0,0,0,0,0,0,0,0,0,0,0,0,0,0,0,0
"380","2011",8,0,0,0,0,0,0,0,0,0,0,0,0,0,0,0,0,0,0,0,0,0,0,0,0,0,0,0,0,0,0,0
"381","2011",9,0,0,0,0,0,0,0,0,0,0,0,0,0,0,0,0,0,0,0,0,0,0,0,0,0,0,0,0,0,0,NA
"382","2011",10,0,0,0,0,0,0,0,0,0,0,0,0,0,0,0,0,0,0,0,0,0,0,0,0,0,0,0,0,0,0,0
"383","2011",11,0.9,20.8,0,0,0,0.3,0,0,0,0,0,0,0,1.5,0,0,0,0,0,0,2.4,17,12.5,13,4.1,2.1,25.9,0,0,0,NA
"384","2011",12,0,2.6,29.9,4,0,0,0,0,0,0,15.4,24.5,13.4,0,16.9,59.7,3,0.4,0,0,0,0,43,16.3,48.5,0,16.9,20.9,8,1.4,0
"385","2012",1,1,9.4,22.6,40.6,7.4,7.5,4.5,0,0,0.1,13.3,65.9,15.4,33.8,26.9,0.4,6.2,0,0.2,1.6,2.3,26.9,0,0,0,0,0,0,0.1,0,0
"386","2012",2,0,0,0,0,0,2.2,0,18.4,0,0,0,0,0.5,8.6,0,0,6.1,2.6,0,0,0,0,0,0,0,0,0,0,-9988,NA,NA
"387","2012",3,0,0.1,0,2,0.8,0,0,0,4.9,0.9,12.9,0.8,0,0,0,0,0,0,1.4,0,0,0,0,0,0,0,0,0,0,0,0
"388","2012",4,0,0.6,0,0,53.6,0.4,0,0,0,0,0,0.6,0,0,0,0,0,0,0,0,0,6.2,0,0,0,0,0,0,0,0,NA
"389","2012",5,0,0,0,0,0,0,0,0,0,0,0,0,0,0,0,0,0,0,0,0,0,0,0,0,0,0,0,0,0,0,0
"390","2012",6,0,0,0,0,0,0,0,0,0,0,0,0,0,0,0,0,0,0,0,0,0,0,0,0,0,0,0,0,0,0,NA
"391","2012",7,0,0,0,0,0,0,0,0,0,0,0,0,0,0,0,0,0,0,0,0,0,0,0,0,0,0,0,0,0,0,0
"392","2012",8,0,0,0,0,0,0,0,0,0,0,0,0,0,0,0,0,0,0,0,0,0,0,0,0,0,0,0,0,0,0,0
"393","2012",9,0,0,0,0,0,0,0,0,0,0,0,0,0,0,0,0,0,0,0,0,0,0,0,0,0,0,0,0,0,0,NA
"394","2012",10,0,0,0,0,0,0,0,0,0,0,0,0,0,0,0,0,0,0,0,0,0,0,0,72.9,1.9,0,0,0,0,0,0
"395","2012",11,0,0,0,0,0,0,0,0,0,0,0,9,0,0,0,0,0,0,0,0,0,0,0,0,0,2.6,0.5,0,0,0,NA
"396","2012",12,0,0,0,0.4,1.9,0,14,1.5,9.4,0,0,0,0,0,0,0,0.1,0,0,0,0,0,0,0,4.5,1,19.4,29.6,1.8,0,0.6
"397","2013",1,86.6,31.6,20.4,33.9,0,9.5,0,0,0,0,0,3.9,0,0,1,0,0,0,0,0,0,0.6,5.6,0,0.6,4.4,11.5,21.1,11.9,0.1,8.4
"398","2013",2,5.5,56.3,13,9.4,0,15,9,52.4,29.9,39.3,0,0,0,3.3,0,2.1,2.6,0,0,0,0,36.2,1,11.6,0,0,0.5,1.5,-9988,NA,NA
"399","2013",3,1.3,22,9.1,7.4,0,0,0,0,0,0,0,0,0.1,0.9,0,0,0,0,0,0,0.1,0.3,0,0,0,0,0,0,0,0,0
"400","2013",4,0,0,0,0,0,8.4,0.4,0,0,0,10.5,1,0,0,0,0,0.5,0,0,0,0,0,0,0,0.4,1.4,0.3,1,0,0,NA
"401","2013",5,0,0,0,0,0,0,0,0,0,0,0,0,0,0,0,0,0,0,0,0,0,0,0,0,0,0,0,0,0,0,0
"402","2013",6,0,0,0,0,0,0,0,0,0,0,0,0,0,0,0,0,0,0,0,0,0,0,0,0,0,0,0,0,0,0,NA
"403","2013",7,0,0,0,0,0,0,0,0,0,0,0,0,0,0,0,0,0,0,0,0,0,0,0,0,0,0,0,0,0,0,0
"404","2013",8,0,0,0,0,0,0,0,0,0,0,0,0,0,0,0,0,0,0,0,0,0,0,0,0,0,0,0,0,0,0,0
"405","2013",9,0,0,0,0,0,0,0,0,0,0,0,0,0,0,0,0,0,0,0,0,0,0,0,0,0,0,0,0,0,0,NA
"406","2013",10,0,0,0,0,0,0,0,0,0,0,0,0,0,0,0,0,0,0,0,0.5,15.5,5.1,0.9,0,0,39,0,0.9,4.7,0,0
"407","2013",11,0,1.4,2.9,0.6,0,0,0.5,3.4,0,7.3,0,0,0,0,0,0,0,0,37.5,0,1.4,44.4,2.9,0,0,0,0,0,0,0,NA
"408","2013",12,0,16.5,0,0,0,2.9,3.6,3.8,0,0,0,0.7,28.3,3.9,0.9,0,8.5,35.8,11,0.8,0.5,0,0,0,0,0,0,4.9,8.4,39.3,41.3
"409","2014",1,31.6,24,24.8,21.9,0,0,0,0,0,0,0,0,0,0.2,0,0,0,0,0,0,0,0,0,0,0,0,0.9,0,5.2,5,23.5
"410","2014",2,0,1.3,56.7,15,2.8,0,0.2,0,23.4,0,0,0,0,0,11.1,1,13.6,0,0,0,0,0,1.3,1.4,0,0,0,0,-9988,NA,NA
"411","2014",3,0,0,46.3,0.3,0,0,0,0,0,0,0,0,0,0,0,0,0,0,0,0,0,0,0,0,0,0,0,17.9,0.5,43.1,7.3
"412","2014",4,1.9,0,0,0,0,0,0,0,0,0,0,0,0,0,0,0,0,0,0,0,0,0,0,0,0,0,0,0,0,0,NA
"413","2014",5,0,0,0,0,0,0,0,0,0,0,0,0,0,0,0,0,0,0,0,0,0,0,0,0,0,0,0,0,0,0,0
"414","2014",6,0,0,0,0,0,0,0,0,0,0,0,0,0,0,0,0,0,0,0,0,0,0,0,0,0,0,0,0,0,0,NA
"415","2014",7,0,0,0,0,0,0,0,0,0,0,0,0,0,0,0,0,0,0,0,0,0,0,0,0,0,0,0,0,0,0,0
"416","2014",8,0,0,0,0,0,0,0,0,0,0,0,0,0,0,0,0,0,0,0,0,0,0,0,0,0,0,0,0,0,0,0
"417","2014",9,0,0,0,0,0,0,0,0,0,0,0,0,0,0,0,0,0,0,0,0,0,0,0,0,0,0,0,0,0,0,NA
"418","2014",10,0,0,1.80090687,5.50062747,0,0,0,0,0,2.20000000018626,2,0,0,0,0,0,0,0,0,0,0,0,0,1.30090687,0,0,0,0,0,0,0
"419","2014",11,0,0,0,0,0,1,0.5,0,0,0,0,0,0,0,0,2.50062747,4,26.2099970198,10.5,0,0,0,0,0,0,0,0,0,0,0,NA
"420","2014",12,0,0,0,0,0,0,0,0,0.800906868,0,0,5.30000000074506,0,4.60025494,19.3099985099,5.40000000037253,3,49.5099940395,4.00062747,3,0,7.5,37.5,0,2.50062747,4.40000000037253,2.50062747,4.90000000037253,1.5,28.7000000029802,65.5
"421","2015",1,0,0,0,0,0,0,0,0,0,0,0,0,0,1.9,0,7,1.9,0,0,0,0,0,0,0,0,2.4,0.6,0,0,0,0
"422","2015",2,0,0,0,0,0,0,0,0,0,0,0,0,0,0,0,0,0,0,0,0,0,14,0,9.5,0,0,13.2,19.5,15.2,NA,NA
"423","2015",3,0.2,0.1,0,0,0,0,0,12.9,4.9,0,0,3.3,0.5,0,0.9,0,11.5,9.3,0,6.6,21.3,66,8,0.1,0,0,0,0,0,0,0
"424","2015",4,0,0,0,9.1,8.4,0,6.9,3.9,26.9,1.3,0.5,0.1,0,0,0,0,0,0,0,0,0,0,0,0,0,0,0,0,0,0,NA
"425","2015",5,0,0,0,0,0,0,0,0,0,0,0,0,0,0,0,0,0,0,0,0,0,0,0,0,0,0,0,0,0,0,0
"426","2015",6,0,0,0,0,0,0,0,0,0,0,0,0,0,0,0,0,0,0,0,0,0,0,0,0,0,0,0,0,0,0,NA
"427","2015",7,0,0,0,0,0,0,0,0,0,0,0,0,0,0,0,0,0,0,0,0,0,0,0,0,0,0,0,0,0,0,0
"428","2015",8,0,0,0,0,0,0,0,0,0,0,0,0,0,0,0,0,0,0,0,0,0,0,0,0,0,0,0,0,0,0,0
"429","2015",9,0,0,0,0,0,0,0,0,0,0,0,0,0,0,0,0,0,0,0,0,0,0,0,0,0,0,0,0,0,0,NA
"430","2015",10,0,0,0,0,0,0,0,0,0,0,0,0,0,0,0,0.4,0,0,0,0,0,0,0,0,0,0,0,0,0,0,0
"431","2015",11,0,0,1.5,1.4,0,0,0,0,0,0,0,0,0,0,0,0,0,0,28.5,1.3,0,4,15.9,55,0,0,0,0,0,2.5,NA
"432","2015",12,0,0,0,0,0,0,0,0,0,0,14.6,0,4.8,0.5,1,3.4,0,30.3,5.6,30.4,0,0,0,0,0,0,0,0,2.6,0,0
"433","2016",1,0.5,0,17.6,19.6,1.1,2.1,17.5,15.5,6.9,10.5,36.2,0.8,0.5,4.9,41.5,9.5,36.8,20,6.4,0.7,0,0,8.5,0.6,0,18.7,1.4,0,24.6,0,2
"434","2016",2,0,0,0.1,0,0,0,0.6,3.9,0,0,0.3,0,0.6,0,0.6,0,4,0.8,0,0,0,2.4,49.9,4.4,0,3.2,46.3,8,-9988,NA,NA
"435","2016",3,0.8,0,0,0,7.8,21.6,1.5,0,0,5.5,1.2,0.4,0,0,0,0,0,0,0,3.4,5.8,2.3,0.6,0,0,0,1.3,0,0,0,0
"436","2016",4,0,0,0,0,0,0,0,0,0,0,0,0,0,0,0,0,0,0,0,0,0,0,0,0,0,0,0,0,0,0,NA
"437","2016",5,0,0,0,0,0,0,0,0,0,0,0,0,0,0,0,0,0,0,0,0,0,0,0,0,0,0,0,0,0,0,0
"438","2016",6,0,0,0,0,0,0,0,0,0,0,0,0,0,0,0,0,0,0,0,0,0,0,0,0,0,0,0,0,0,0,NA
"439","2016",7,0,0,0,0,0,0,0,0,0,0,0,0,0,0,0,0,0,0,0,0,0,0,0,0,0,0,0,0,0,0,0
"440","2016",8,0,0,0,0,0,0,0,0,0,0,0,0,0,0,0,0,0,0,0,0,0,0,0,0,0,0,0,0,0,0,0
"441","2016",9,0,0,0,0,0,0,0,0,0,0,0,0,0,0,0,0,0,0,0,0,0,0,0,0,0,0,0,0,0,0,NA
"442","2016",10,0,0,13.3,0,0,0,0,0,0,0,0,0,0,0,0,0,0,0,0,0,0,0,0,0,0,0,0,0,0,0,0
"443","2016",11,0,0,0,0,0,0,0,0,0,0.3,27.9,2.2,0,2.8,5.8,0,0,0,8.8,0,0,0,0,0,0,2.2,15,10.6,0,0,NA
"444","2016",12,0,0,0,0,0,0,0,0,0,0,13.9,0.1,42.6,14.1,7.5,30,16.1,2.9,0.8,0,5.4,0,0,0,5,0.6,0,1.9,24.9,1.1,0.5
"445","2017",1,0,0,0,4,1.39999999990687,0.300000000046566,0,0,1.10000000009313,32.0999999940395,0,0,0,0,0,0.300000000046566,7.40000000037253,0,0,0,0,0,0,0,0,0,0,0,0,2.59999999962747,0.400000000023283
"446","2017",2,11.8999999985099,57.7999999970198,0,42.5999999940395,0.600000000093132,2.40000000037253,0,0,0,1.89999999990687,13.8999999985099,11.3999999985099,9,11.3999999985099,0,1.5,0,14.8999999985099,9.89999998360872,32.9000000059605,13.5,56.2000000029802,1.79999999981374,102.5,20,38.2999999970198,17.6000000014901,0.899999999906868,-9988,NA,NA
"447","2017",3,3.5,14.1000000014901,4.80000000074506,3.40000000037253,0.600000000093132,0,0,0,0,0,0,0,0,0,0,0,0,3.90000000037253,0.400000000023283,0,0,0,0,4.90000000037253,19.8999999985099,11.3999999985099,12.6999999992549,52.2000000029802,0.200000000011642,0,22.5
"448","2017",4,0,0,0,0,0,0,1.89999999990687,0,0,0.5,0,3.79999999981374,0,0,0,0,0,0,0,0,0,0,0,0,0,0,0,0,0,0,NA
"449","2017",5,0,0,0,0,0,0,0,0,0,0,0,0,0,0,0,0,0,0,0,0,0,0,0,0,0,0,0,0,0,0,0
"450","2017",6,0,0,0,0,0,0,0,0,0,0,0,0,0,0,0,0,0,0,0,0,0,0,0,0,0,0,0,0,0,0,NA
"451","2017",7,0,0,0,0,0,0,0,0,0,0,0,0,0,0,0,0,0,0,0,0,0,0,0,0,0,0,0,0,0,0,0
"452","2017",8,0,0,0,0,0,0,0,0,0,0,0,0,0,0,0,0,0,0,0,0,0,0,0,0,0,0,0,0,0,0,0
"453","2017",9,0,0,0,0,0,0,0,0,0,0,0,0,0,0,0,0,0,0,0,0,0,0,0,0,0,0,0,0,0,0,NA
"454","2017",10,0,0,0,0,0,0,0,0,1.39999999990687,0.5,0,0,0,0,0,0,0,0,0,0,0,0,0,0,0,0,0,17.1000000014901,21.6000000014901,0.600000000093132,0
"455","2017",11,0,0,0,0,0,0,0,0,0.400000000023283,3.09999999962747,20.5,20.8999999985099,26.5,23.1000000014901,3.5,0.699999999953434,1.10000000009313,0.5,3.5,0,0,0,21.3999999985099,17.5,0,31.6000000014901,0.100000000005821,4.40000000037253,1,0,NA
"456","2017",12,0,0,0,0,0,0,1,8.5,0.100000000005821,0.400000000023283,0,0,0,2.40000000037253,0,0,0,0,0,0,0.699999999953434,2.40000000037253,1.5,0,17.2000000029802,39.2999999970198,0,0,0,0,0
"457","2018",1,0,0,0.9,3.5,10,2.1,0,0,0,0,0.9,0,0,0,0,56.9,11.5,0,0,0,2.2,2.4,2.4,0,0,0,0,0,0.5,0,0
"458","2018",2,0,0,0,0,1,4,0,0,0,0,0,0,3.6,42.1,37,0,0,0,0,0,0,0,0,0,0,24.5,1.9,0,-9988,NA,NA
"459","2018",3,0,0,0,0,0,0,0,0,0,0,0,0,0,0,3,90.5,101.7,63.8,0,2,0,0,0,0,0,0,0,0,0,0,0
"460","2018",4,0,0,0,0,0,0,0,0,0,0,0,0,0,0,0,0,0,0,0,0,0,0,0,0,0,0,0,0,0,0,NA
"461","2018",5,0,0,0,0,0,0,0,0,0,0,0,0,0,0,0,0,0,0,0,0,0,0,0,0,0,0,0,0,0,0,0
"462","2018",6,0,0,0,0,0,0,0,0,0,0,0,0,0,0,0,0,0,0,0,0,0,0,0,0,0,0,0,0,0,0,NA
"463","2018",7,0,0,0,0,0,0,0,0,0,0,0,0,0,0,0,0,0,0,0,0,0,0,0,0,0,0,0,0,0,0,0
"464","2018",8,0,0,0,0,0,0,0,0,0,0,0,0,0,0,0,0,0,0,0,0,0,0,0,0,0,0,0,0,0,0,0
"465","2018",9,0,0,0,0,0,0,0,0,0,0,0,0,0,0,0,0,0,0,0,0,0,0,0,0,0,0,0,0,0,0,NA
"466","2018",10,0,0,0,0,0,0,0,0,0,0,0,0,0,0,0,0,0,0,0,0,0,0,0,0,0,0,0,0,0,0,0
"467","2018",11,0,0,0,4.5,0,0,0,0.600000000093132,3.40000000037253,0,0,0,0,0,0,0,0,0,0,0,0,0,5.09999999962747,4,2,0,20,0,13.6000000014901,2.5,NA
"468","2018",12,0,0,0,0,0.400000000023283,0.100000000005821,0,0,1.5,0.600000000093132,16.8999999985099,0,0,0,0,0,0,0,0,0,0,1.6,0,0,0,0,0,0,1.2,4.5,0
